<?xml version="1.0" encoding="UTF-8"?>
<beans xmlns="http://www.springframework.org/schema/beans"
	xmlns:xsi="http://www.w3.org/2001/XMLSchema-instance" xmlns:context="http://www.springframework.org/schema/context"
	xmlns:aop="http://www.springframework.org/schema/aop" xmlns:tx="http://www.springframework.org/schema/tx"
	xsi:schemaLocation="
            http://www.springframework.org/schema/beans http://www.springframework.org/schema/beans/spring-beans-3.0.xsd
            http://www.springframework.org/schema/aop http://www.springframework.org/schema/aop/spring-aop-3.0.xsd
            http://www.springframework.org/schema/tx http://www.springframework.org/schema/tx/spring-tx-3.0.xsd
            http://www.springframework.org/schema/context http://www.springframework.org/schema/context/spring-context-3.0.xsd">

	<!-- 资源文件 -->
	<context:property-placeholder location="classpath:init.properties" />
	<!-- 自动扫描bean -->
	<context:component-scan base-package="com.system" />
	<!-- 前端数据源 -->
	<bean id="dataSource_Front" class="com.alibaba.druid.pool.DruidDataSource"
		init-method="init" destroy-method="close">
		<property name="url" value="${dataSource_front_url}" />
		<property name="username" value="${dataSource_front_username}" />
		<property name="password" value="${dataSource_front_password}" />
		<property name="maxActive" value="${dataSource_front_maxActive}" />
		<property name="initialSize" value="${dataSource_front_initialiSize}" />
		<property name="maxWait" value="${dataSource_front_maxWait}" />
		<property name="minIdle" value="${dataSource_front_minIdle}" />
	</bean>
	<!--前端sessionfactory -->
	<bean id="sessionFactoryFront"
		class="org.springframework.orm.hibernate4.LocalSessionFactoryBean">
		<property name="dataSource" ref="dataSource_Front" />
		<property name="hibernateProperties">
			<props>
				<prop key="hibernate.hbm2ddl.auto">${hibernate.hbm2ddl.auto}</prop>
				<prop key="hibernate.dialect">${hibernate.dialect}</prop>
				<prop key="hibernate.show_sql">${hibernate.show_sql}</prop>
				<prop key="hibernate.format_sql">${hibernate.format_sql}</prop>
			</props>
		</property>
		<property name="packagesToScan" value="com.system.frontModel"></property>
	</bean>
	<!-- 前端事务管理器 -->
	<bean name="transactionManagerFront"
		class="org.springframework.orm.hibernate4.HibernateTransactionManager">
		<property name="sessionFactory" ref="sessionFactoryFront" />
	</bean>
	<tx:advice id="transactionAdviceFront" transaction-manager="transactionManagerFront">
		<tx:attributes>
			<tx:method name="add*" />
			<tx:method name="delete*" />
			<tx:method name="update*" />
			<tx:method name="save*" />

			<tx:method name="*" propagation="REQUIRED" />
		</tx:attributes>
	</tx:advice>

	<!-- 前端AOP -->
	<aop:config>
		<aop:pointcut expression="execution(* com.system.serviceFront.impl..*(..))"
			id="txPointcutFront" />
		<aop:advisor advice-ref="transactionAdviceFront"
			pointcut-ref="txPointcutFront" />

	</aop:config>


	<!-- 后台数据源 -->
	<bean id="dataSource_Manage" class="com.alibaba.druid.pool.DruidDataSource"
		init-method="init" destroy-method="close">
		<property name="url" value="${dataSource_manage_url}" />
		<property name="username" value="${dataSource_manage_username}" />
		<property name="password" value="${dataSource_manage_password}" />
		<property name="maxActive" value="${dataSource_manage_maxActive}" />
		<property name="initialSize" value="${dataSource_manage_initialiSize}" />
		<property name="maxWait" value="${dataSource_manage_maxWait}" />
		<property name="minIdle" value="${dataSource_manage_minIdle}" />
	</bean>
	<!--后台sessionfactory -->
	<bean id="sessionFactoryManage"
		class="org.springframework.orm.hibernate4.LocalSessionFactoryBean">
		<property name="dataSource" ref="dataSource_Manage" />
		<property name="hibernateProperties">
			<props>
				<prop key="hibernate.hbm2ddl.auto">${hibernate.hbm2ddl.auto}</prop>
				<prop key="hibernate.dialect">${hibernate.dialect}</prop>
				<prop key="hibernate.show_sql">${hibernate.show_sql}</prop>
				<prop key="hibernate.format_sql">${hibernate.format_sql}</prop>
			</props>
		</property>
		<property name="packagesToScan" value="com.system.manageModel"></property>
	</bean>
	<!-- 后台事务管理器 -->
	<bean name="transactionManagerManage"
		class="org.springframework.orm.hibernate4.HibernateTransactionManager">
		<property name="sessionFactory" ref="sessionFactoryManage"></property>
	</bean>
	<tx:advice id="transactionAdviceManage" transaction-manager="transactionManagerManage">
		<tx:attributes>
			<tx:method name="add*" />
			<tx:method name="add*" />
			<tx:method name="delete*" />
			<tx:method name="update*" />
			<tx:method name="save*" />

			<tx:method name="*" propagation="REQUIRED" />
		</tx:attributes>

	</tx:advice>
	<!-- 后台AOP -->
	<aop:config>
		<aop:pointcut expression="execution(* com.system.manageService.impl..*(..))"
			id="txPointcutManage" />
		<aop:advisor advice-ref="transactionAdviceManage"
			pointcut-ref="txPointcutManage" />

	</aop:config>
</beans>